county_fips,county,fia_unit,fia_unit_name,year,n,direct_biomass,direct_biomass_se,direct_biomass_var,n_eff,county_mean_tcc,n_tcc_pixels,direct_biomass_vhat,direct_biomass_vhat_floor,direct_biomass_vhat_source,direct_estimate_status,direct_estimate_in_model,direct_biomass_model,direct_biomass_se_model,direct_biomass_vhat_model,n_eff_model
53001,Adams,9,Inland Empire,2016,21,0,0,0,21,1.8379299376817093,529,38.96248162159469,38.96248162159469,floor,modeled,TRUE,0,0,38.96248162159469,21
53001,Adams,9,Inland Empire,2017,20,0,0,0,20,1.866385073641386,529,38.96248162159469,38.96248162159469,floor,modeled,TRUE,0,0,38.96248162159469,20
53001,Adams,9,Inland Empire,2018,21,0,0,0,21,1.8502031864493957,529,38.96248162159469,38.96248162159469,floor,modeled,TRUE,0,0,38.96248162159469,21
53001,Adams,9,Inland Empire,2019,23,0,0,0,23,1.8808967847227658,529,38.96248162159469,38.96248162159469,floor,modeled,TRUE,0,0,38.96248162159469,23
53001,Adams,9,Inland Empire,2020,21,0,0,0,21,1.9234981205153474,529,38.96248162159469,38.96248162159469,floor,modeled,TRUE,0,0,38.96248162159469,21
53001,Adams,9,Inland Empire,2021,20,0,0,0,20,1.9626988922303188,529,38.96248162159469,38.96248162159469,floor,modeled,TRUE,0,0,38.96248162159469,20
53001,Adams,9,Inland Empire,2022,23,0,0,0,23,2.0721227475438844,529,38.96248162159469,38.96248162159469,floor,modeled,TRUE,0,0,38.96248162159469,23
53001,Adams,9,Inland Empire,2023,0,NA,NA,NA,0,2.1641326000049066,529,NA,38.96248162159469,NA,no_plots,FALSE,NA,NA,NA,NA
53001,Adams,9,Inland Empire,2024,0,NA,NA,NA,0,2.373609859635872,529,NA,38.96248162159469,NA,no_plots,FALSE,NA,NA,NA,NA
53001,Adams,9,Inland Empire,2025,0,NA,NA,NA,0,2.5831919127670937,529,NA,38.96248162159469,NA,no_plots,FALSE,NA,NA,NA,NA
53003,Asotin,9,Inland Empire,2016,9,4.232284397140981,2.7996995329239174,7.838317474654401,9,13.854583838618238,192,7.838317474654401,38.96248162159469,direct_biomass_var,modeled,TRUE,4.232284397140981,2.7996995329239174,7.838317474654401,9
53003,Asotin,9,Inland Empire,2017,6,59.70392532339151,38.55801001366509,1486.7201362138974,6,13.732161110929876,192,1486.7201362138974,38.96248162159469,direct_biomass_var,modeled,TRUE,59.70392532339151,38.55801001366509,1486.7201362138974,6
53003,Asotin,9,Inland Empire,2018,13,41.42593105369609,22.118793130303818,489.24100954117534,13,13.663844798681268,192,489.24100954117534,38.96248162159469,direct_biomass_var,modeled,TRUE,41.42593105369609,22.118793130303818,489.24100954117534,13
53003,Asotin,9,Inland Empire,2019,8,39.550055421586,27.764292562238175,770.855941481554,8,13.517322748978483,192,770.855941481554,38.96248162159469,direct_biomass_var,modeled,TRUE,39.550055421586,27.764292562238175,770.855941481554,8
53003,Asotin,9,Inland Empire,2020,10,29.206473890987468,25.627291609669534,656.7580752470385,10,13.457228637980165,192,656.7580752470385,38.96248162159469,direct_biomass_var,modeled,TRUE,29.206473890987468,25.627291609669534,656.7580752470385,10
53003,Asotin,9,Inland Empire,2021,7,19.516928697587,18.152626734917007,329.51785737722366,7,12.359001341939647,192,329.51785737722366,38.96248162159469,direct_biomass_var,modeled,TRUE,19.516928697587,18.152626734917007,329.51785737722366,7
53003,Asotin,9,Inland Empire,2022,6,5.275178276944772,5.275178276944773,27.827505853550026,6,12.527249144037555,192,27.827505853550026,38.96248162159469,direct_biomass_var,modeled,TRUE,5.275178276944772,5.275178276944773,27.827505853550026,6
53003,Asotin,9,Inland Empire,2023,2,43.339798191713335,43.339798191713335,1878.3381072984384,2,12.48038596990779,192,1878.3381072984384,38.96248162159469,direct_biomass_var,modeled,TRUE,43.339798191713335,43.339798191713335,1878.3381072984384,2
53003,Asotin,9,Inland Empire,2024,0,NA,NA,NA,0,12.34285186030321,192,NA,38.96248162159469,NA,no_plots,FALSE,NA,NA,NA,NA
53003,Asotin,9,Inland Empire,2025,0,NA,NA,NA,0,11.862537680785241,192,NA,38.96248162159469,NA,no_plots,FALSE,NA,NA,NA,NA
53005,Benton,9,Inland Empire,2016,16,0,0,0,16,3.561828974009982,481,38.96248162159469,38.96248162159469,floor,modeled,TRUE,0,0,38.96248162159469,16
53005,Benton,9,Inland Empire,2017,18,0,0,0,18,3.5111976830270923,481,38.96248162159469,38.96248162159469,floor,modeled,TRUE,0,0,38.96248162159469,18
53005,Benton,9,Inland Empire,2018,19,0,0,0,19,3.4202535607262257,481,38.96248162159469,38.96248162159469,floor,modeled,TRUE,0,0,38.96248162159469,19
53005,Benton,9,Inland Empire,2019,22,0,0,0,22,3.4407953454778704,481,38.96248162159469,38.96248162159469,floor,modeled,TRUE,0,0,38.96248162159469,22
53005,Benton,9,Inland Empire,2020,19,0,0,0,19,3.422205022426825,481,38.96248162159469,38.96248162159469,floor,modeled,TRUE,0,0,38.96248162159469,19
53005,Benton,9,Inland Empire,2021,20,0,0,0,20,3.4352861753720108,481,38.96248162159469,38.96248162159469,floor,modeled,TRUE,0,0,38.96248162159469,20
53005,Benton,9,Inland Empire,2022,17,0,0,0,17,3.6176746408838754,481,38.96248162159469,38.96248162159469,floor,modeled,TRUE,0,0,38.96248162159469,17
53005,Benton,9,Inland Empire,2023,0,NA,NA,NA,0,3.862708629745652,481,NA,38.96248162159469,NA,no_plots,FALSE,NA,NA,NA,NA
53005,Benton,9,Inland Empire,2024,0,NA,NA,NA,0,4.2680452997867695,481,NA,38.96248162159469,NA,no_plots,FALSE,NA,NA,NA,NA
53005,Benton,9,Inland Empire,2025,0,NA,NA,NA,0,4.677524006476081,481,NA,38.96248162159469,NA,no_plots,FALSE,NA,NA,NA,NA
53007,Chelan,8,Central,2016,57,72.37253224488101,12.227058167656477,149.50095143525496,57,37.57425879430656,819,149.50095143525496,38.96248162159469,direct_biomass_var,modeled,TRUE,72.37253224488101,12.227058167656477,149.50095143525496,57
53007,Chelan,8,Central,2017,65,93.78808470707344,14.565260414419233,212.14681093984794,65,37.48091568646641,819,212.14681093984794,38.96248162159469,direct_biomass_var,modeled,TRUE,93.78808470707344,14.565260414419233,212.14681093984794,65
53007,Chelan,8,Central,2018,67,82.30020210477853,14.946072417504496,223.38508070928867,67,36.98939634697462,819,223.38508070928867,38.96248162159469,direct_biomass_var,modeled,TRUE,82.30020210477853,14.946072417504496,223.38508070928867,67
53007,Chelan,8,Central,2019,63,81.55599978267608,15.157473259040595,229.7489955985307,63,36.7917920500776,819,229.7489955985307,38.96248162159469,direct_biomass_var,modeled,TRUE,81.55599978267608,15.157473259040595,229.7489955985307,63
53007,Chelan,8,Central,2020,63,64.60343124072638,10.88094841964575,118.39503851099133,63,36.85392311568273,819,118.39503851099133,38.96248162159469,direct_biomass_var,modeled,TRUE,64.60343124072638,10.88094841964575,118.39503851099133,63
53007,Chelan,8,Central,2021,61,81.25359003388164,15.626120295674767,244.17563549489887,61,36.84139816956797,819,244.17563549489887,38.96248162159469,direct_biomass_var,modeled,TRUE,81.25359003388164,15.626120295674767,244.17563549489887,61
53007,Chelan,8,Central,2022,51,58.10664996667207,11.897555622453769,141.5518297893813,51,36.825025586419734,819,141.5518297893813,38.96248162159469,direct_biomass_var,modeled,TRUE,58.10664996667207,11.897555622453769,141.5518297893813,51
53007,Chelan,8,Central,2023,20,59.930644172433304,16.227816551688264,263.34203003524755,20,36.66747982508167,819,263.34203003524755,38.96248162159469,direct_biomass_var,modeled,TRUE,59.930644172433304,16.227816551688264,263.34203003524755,20
53007,Chelan,8,Central,2024,4,94.18126210431352,74.75919434028924,5588.937138409135,4,36.29479508562911,819,5588.937138409135,38.96248162159469,direct_biomass_var,modeled,TRUE,94.18126210431352,74.75919434028924,5588.937138409135,4
53007,Chelan,8,Central,2025,0,NA,NA,NA,0,36.05710818254137,819,NA,38.96248162159469,NA,no_plots,FALSE,NA,NA,NA,NA
53009,Clallam,6,Olympic Peninsula,2016,26,201.98080571001773,40.463636427493746,1637.3058729363988,26,68.6986758518534,493,1637.3058729363988,38.96248162159469,direct_biomass_var,modeled,TRUE,201.98080571001773,40.463636427493746,1637.3058729363988,26
53009,Clallam,6,Olympic Peninsula,2017,26,348.5579667399199,52.49247412312616,2755.459839567069,26,68.87363442466645,493,2755.459839567069,38.96248162159469,direct_biomass_var,modeled,TRUE,348.5579667399199,52.49247412312616,2755.459839567069,26
53009,Clallam,6,Olympic Peninsula,2018,25,228.35517396050696,42.084844231837856,1771.1341140180562,25,68.96245388536096,493,1771.1341140180562,38.96248162159469,direct_biomass_var,modeled,TRUE,228.35517396050696,42.084844231837856,1771.1341140180562,25
53009,Clallam,6,Olympic Peninsula,2019,30,313.0702417456,46.32505469639444,2146.0106926239364,30,69.11082680443508,493,2146.0106926239364,38.96248162159469,direct_biomass_var,modeled,TRUE,313.0702417456,46.32505469639444,2146.0106926239364,30
53009,Clallam,6,Olympic Peninsula,2020,14,275.14912257084114,40.889221352872404,1671.9284228441966,14,69.38769237859034,493,1671.9284228441966,38.96248162159469,direct_biomass_var,modeled,TRUE,275.14912257084114,40.889221352872404,1671.9284228441966,14
53009,Clallam,6,Olympic Peninsula,2021,16,356.33414165914195,47.58109117639828,2263.9602375367263,16,69.3274970571006,493,2263.9602375367263,38.96248162159469,direct_biomass_var,modeled,TRUE,356.33414165914195,47.58109117639828,2263.9602375367263,16
53009,Clallam,6,Olympic Peninsula,2022,27,171.27469123165844,36.11140000736605,1304.033210491997,27,69.39343830445176,493,1304.033210491997,38.96248162159469,direct_biomass_var,modeled,TRUE,171.27469123165844,36.11140000736605,1304.033210491997,27
53009,Clallam,6,Olympic Peninsula,2023,11,236.2095105597471,58.51675330454438,3424.2104173049056,11,69.44676978736433,493,3424.2104173049056,38.96248162159469,direct_biomass_var,modeled,TRUE,236.2095105597471,58.51675330454438,3424.2104173049056,11
53009,Clallam,6,Olympic Peninsula,2024,3,194.15860968943775,99.78970395398508,9957.985015223985,3,69.60363668504479,493,9957.985015223985,38.96248162159469,direct_biomass_var,modeled,TRUE,194.15860968943775,99.78970395398508,9957.985015223985,3
53009,Clallam,6,Olympic Peninsula,2025,0,NA,NA,NA,0,69.58534003502837,493,NA,38.96248162159469,NA,no_plots,FALSE,NA,NA,NA,NA
53011,Clark,7,Southwest,2016,9,113.13214440288512,51.98105206921818,2702.0297742227717,9,45.75398851195627,195,2702.0297742227717,38.96248162159469,direct_biomass_var,modeled,TRUE,113.13214440288512,51.98105206921818,2702.0297742227717,9
53011,Clark,7,Southwest,2017,7,66.49075987974925,43.04630596091468,1852.9844568806786,7,45.345854466216544,195,1852.9844568806786,38.96248162159469,direct_biomass_var,modeled,TRUE,66.49075987974925,43.04630596091468,1852.9844568806786,7
53011,Clark,7,Southwest,2018,8,119.41328225257445,58.572632139390684,3430.7532357363825,8,44.99120168671051,195,3430.7532357363825,38.96248162159469,direct_biomass_var,modeled,TRUE,119.41328225257445,58.572632139390684,3430.7532357363825,8
53011,Clark,7,Southwest,2019,7,77.86157934910459,45.721691749416706,2090.4730964286796,7,45.117566139408005,195,2090.4730964286796,38.96248162159469,direct_biomass_var,modeled,TRUE,77.86157934910459,45.721691749416706,2090.4730964286796,7
53011,Clark,7,Southwest,2020,6,12.025810713218245,11.119253492642004,123.6377982336314,6,45.25697012056191,195,123.6377982336314,38.96248162159469,direct_biomass_var,modeled,TRUE,12.025810713218245,11.119253492642004,123.6377982336314,6
53011,Clark,7,Southwest,2021,7,132.72450392342407,40.37202597702612,1629.9004814896718,7,45.19127632638438,195,1629.9004814896718,38.96248162159469,direct_biomass_var,modeled,TRUE,132.72450392342407,40.37202597702612,1629.9004814896718,7
53011,Clark,7,Southwest,2022,1,0,NA,NA,1,45.24872091993565,195,38.96248162159469,38.96248162159469,floor,single_plot_no_variance,FALSE,NA,NA,NA,NA
53011,Clark,7,Southwest,2023,5,223.00685486921031,133.0329486123874,17697.765416506107,5,45.228660588289685,195,17697.765416506107,38.96248162159469,direct_biomass_var,modeled,TRUE,223.00685486921031,133.0329486123874,17697.765416506107,5
53011,Clark,7,Southwest,2024,0,NA,NA,NA,0,45.49897825342357,195,NA,38.96248162159469,NA,no_plots,FALSE,NA,NA,NA,NA
53011,Clark,7,Southwest,2025,0,NA,NA,NA,0,45.67921500622908,195,NA,38.96248162159469,NA,no_plots,FALSE,NA,NA,NA,NA
53013,Columbia,9,Inland Empire,2016,12,28.7036552906834,11.797434369391006,139.17945770008816,12,21.26986904217484,259,139.17945770008816,38.96248162159469,direct_biomass_var,modeled,TRUE,28.7036552906834,11.797434369391006,139.17945770008816,12
53013,Columbia,9,Inland Empire,2017,13,79.0398455269522,37.04725158494035,1372.4988499978651,13,21.15281054172593,259,1372.4988499978651,38.96248162159469,direct_biomass_var,modeled,TRUE,79.0398455269522,37.04725158494035,1372.4988499978651,13
53013,Columbia,9,Inland Empire,2018,18,46.10286676023737,18.62521973942997,346.8988103420518,18,20.957785817149734,259,346.8988103420518,38.96248162159469,direct_biomass_var,modeled,TRUE,46.10286676023737,18.62521973942997,346.8988103420518,18
53013,Columbia,9,Inland Empire,2019,12,24.63328898373711,10.571614421255143,111.75903147168971,12,20.859441714028385,259,111.75903147168971,38.96248162159469,direct_biomass_var,modeled,TRUE,24.63328898373711,10.571614421255143,111.75903147168971,12
53013,Columbia,9,Inland Empire,2020,11,24.44632082970881,18.59735496052862,345.86161152789845,11,20.779384740030693,259,345.86161152789845,38.96248162159469,direct_biomass_var,modeled,TRUE,24.44632082970881,18.59735496052862,345.86161152789845,11
53013,Columbia,9,Inland Empire,2021,10,14.444639621536012,8.89101022611355,79.05006284085573,10,20.42796427917175,259,79.05006284085573,38.96248162159469,direct_biomass_var,modeled,TRUE,14.444639621536012,8.89101022611355,79.05006284085573,10
53013,Columbia,9,Inland Empire,2022,9,11.48490798781917,11.159436974069074,124.53303357821993,9,20.451493385999278,259,124.53303357821993,38.96248162159469,direct_biomass_var,modeled,TRUE,11.48490798781917,11.159436974069074,124.53303357821993,9
53013,Columbia,9,Inland Empire,2023,2,0,0,0,2,20.522372300118082,259,38.96248162159469,38.96248162159469,floor,modeled,TRUE,0,0,38.96248162159469,2
53013,Columbia,9,Inland Empire,2024,1,0,NA,NA,1,20.534339715823307,259,38.96248162159469,38.96248162159469,floor,single_plot_no_variance,FALSE,NA,NA,NA,NA
53013,Columbia,9,Inland Empire,2025,0,NA,NA,NA,0,20.377556787587114,259,NA,38.96248162159469,NA,no_plots,FALSE,NA,NA,NA,NA
53015,Cowlitz,7,Southwest,2016,13,113.64739726690424,31.552509520630743,995.5608570494936,13,66.73039684397955,333,995.5608570494936,38.96248162159469,direct_biomass_var,modeled,TRUE,113.64739726690424,31.552509520630743,995.5608570494936,13
53015,Cowlitz,7,Southwest,2017,8,165.0250436389021,37.285651487709806,1390.2198068629566,8,66.36952716394755,333,1390.2198068629566,38.96248162159469,direct_biomass_var,modeled,TRUE,165.0250436389021,37.285651487709806,1390.2198068629566,8
53015,Cowlitz,7,Southwest,2018,22,173.87937046553105,37.68574782871865,1420.2155894097723,22,65.95940599718934,333,1420.2155894097723,38.96248162159469,direct_biomass_var,modeled,TRUE,173.87937046553105,37.68574782871865,1420.2155894097723,22
53015,Cowlitz,7,Southwest,2019,15,110.39615265097278,26.437075536985276,698.9189629482653,15,65.96601872055419,333,698.9189629482653,38.96248162159469,direct_biomass_var,modeled,TRUE,110.39615265097278,26.437075536985276,698.9189629482653,15
53015,Cowlitz,7,Southwest,2020,10,109.04759441508808,35.81307736406016,1282.5765102841585,10,65.9841405047247,333,1282.5765102841585,38.96248162159469,direct_biomass_var,modeled,TRUE,109.04759441508808,35.81307736406016,1282.5765102841585,10
53015,Cowlitz,7,Southwest,2021,11,153.62048178688642,32.41136806566795,1050.4967798882003,11,65.72843154369276,333,1050.4967798882003,38.96248162159469,direct_biomass_var,modeled,TRUE,153.62048178688642,32.41136806566795,1050.4967798882003,11
53015,Cowlitz,7,Southwest,2022,4,109.54560376924401,58.648615137525354,3439.660057549568,4,65.48218136869957,333,3439.660057549568,38.96248162159469,direct_biomass_var,modeled,TRUE,109.54560376924401,58.648615137525354,3439.660057549568,4
53015,Cowlitz,7,Southwest,2023,14,172.2030887040353,45.74947202022214,2093.0141901290885,14,65.10347640127759,333,2093.0141901290885,38.96248162159469,direct_biomass_var,modeled,TRUE,172.2030887040353,45.74947202022214,2093.0141901290885,14
53015,Cowlitz,7,Southwest,2024,2,0,0,0,2,64.98355964456917,333,38.96248162159469,38.96248162159469,floor,modeled,TRUE,0,0,38.96248162159469,2
53015,Cowlitz,7,Southwest,2025,0,NA,NA,NA,0,64.46399450525291,333,NA,38.96248162159469,NA,no_plots,FALSE,NA,NA,NA,NA
53017,Douglas,8,Central,2016,20,0,0,0,20,2.9715404923501896,527,38.96248162159469,38.96248162159469,floor,modeled,TRUE,0,0,38.96248162159469,20
53017,Douglas,8,Central,2017,19,0,0,0,19,2.929802557698717,527,38.96248162159469,38.96248162159469,floor,modeled,TRUE,0,0,38.96248162159469,19
53017,Douglas,8,Central,2018,17,0,0,0,17,2.6029377155361804,527,38.96248162159469,38.96248162159469,floor,modeled,TRUE,0,0,38.96248162159469,17
53017,Douglas,8,Central,2019,19,0,0,0,19,2.5266581831428145,527,38.96248162159469,38.96248162159469,floor,modeled,TRUE,0,0,38.96248162159469,19
53017,Douglas,8,Central,2020,18,0,0,0,18,2.4542083755928124,527,38.96248162159469,38.96248162159469,floor,modeled,TRUE,0,0,38.96248162159469,18
53017,Douglas,8,Central,2021,17,0,0,0,17,2.4164939767458646,527,38.96248162159469,38.96248162159469,floor,modeled,TRUE,0,0,38.96248162159469,17
53017,Douglas,8,Central,2022,22,8.344333401102213,8.344333401102213,69.62789990875004,22,2.439220345462038,527,69.62789990875004,38.96248162159469,direct_biomass_var,modeled,TRUE,8.344333401102213,8.344333401102213,69.62789990875004,22
53017,Douglas,8,Central,2023,0,NA,NA,NA,0,2.4421142661149715,527,NA,38.96248162159469,NA,no_plots,FALSE,NA,NA,NA,NA
53017,Douglas,8,Central,2024,0,NA,NA,NA,0,2.521426074358246,527,NA,38.96248162159469,NA,no_plots,FALSE,NA,NA,NA,NA
53017,Douglas,8,Central,2025,0,NA,NA,NA,0,2.6022686421593333,527,NA,38.96248162159469,NA,no_plots,FALSE,NA,NA,NA,NA
53019,Ferry,9,Inland Empire,2016,46,109.07154586716784,13.566619910503025,184.0531757960571,46,45.48495916630493,615,184.0531757960571,38.96248162159469,direct_biomass_var,modeled,TRUE,109.07154586716784,13.566619910503025,184.0531757960571,46
53019,Ferry,9,Inland Empire,2017,40,104.10833666694465,14.09921131402666,198.78775967757736,40,44.69891019126855,615,198.78775967757736,38.96248162159469,direct_biomass_var,modeled,TRUE,104.10833666694465,14.09921131402666,198.78775967757736,40
53019,Ferry,9,Inland Empire,2018,43,103.99437705140798,11.573734298939858,133.9513256224569,43,43.4670385550176,615,133.9513256224569,38.96248162159469,direct_biomass_var,modeled,TRUE,103.99437705140798,11.573734298939858,133.9513256224569,43
53019,Ferry,9,Inland Empire,2019,40,89.41985310348437,11.944044555872582,142.66020035266945,40,42.99901392400713,615,142.66020035266945,38.96248162159469,direct_biomass_var,modeled,TRUE,89.41985310348437,11.944044555872582,142.66020035266945,40
53019,Ferry,9,Inland Empire,2020,31,59.2001033765108,12.2975380178525,151.22944130052758,31,42.653213080188515,615,151.22944130052758,38.96248162159469,direct_biomass_var,modeled,TRUE,59.2001033765108,12.2975380178525,151.22944130052758,31
53019,Ferry,9,Inland Empire,2021,45,80.22429436691773,10.403474725404404,108.23228636212825,45,41.30806258589718,615,108.23228636212825,38.96248162159469,direct_biomass_var,modeled,TRUE,80.22429436691773,10.403474725404404,108.23228636212825,45
53019,Ferry,9,Inland Empire,2022,35,72.72019738333327,9.082153282856158,82.48550825329488,35,40.92268766737326,615,82.48550825329488,38.96248162159469,direct_biomass_var,modeled,TRUE,72.72019738333327,9.082153282856158,82.48550825329488,35
53019,Ferry,9,Inland Empire,2023,8,103.43057382232753,21.680282201061104,470.0346363176469,8,40.48324389827628,615,470.0346363176469,38.96248162159469,direct_biomass_var,modeled,TRUE,103.43057382232753,21.680282201061104,470.0346363176469,8
53019,Ferry,9,Inland Empire,2024,8,60.07366098731196,20.89944652962614,436.7868652447021,8,40.180567680423884,615,436.7868652447021,38.96248162159469,direct_biomass_var,modeled,TRUE,60.07366098731196,20.89944652962614,436.7868652447021,8
53019,Ferry,9,Inland Empire,2025,0,NA,NA,NA,0,39.66177235370647,615,NA,38.96248162159469,NA,no_plots,FALSE,NA,NA,NA,NA
53021,Franklin,9,Inland Empire,2016,14,0,0,0,14,4.30036455792839,361,38.96248162159469,38.96248162159469,floor,modeled,TRUE,0,0,38.96248162159469,14
53021,Franklin,9,Inland Empire,2017,13,0,0,0,13,4.30020451315574,361,38.96248162159469,38.96248162159469,floor,modeled,TRUE,0,0,38.96248162159469,13
53021,Franklin,9,Inland Empire,2018,13,0,0,0,13,4.281373892867409,361,38.96248162159469,38.96248162159469,floor,modeled,TRUE,0,0,38.96248162159469,13
53021,Franklin,9,Inland Empire,2019,12,0,0,0,12,4.362796068401281,361,38.96248162159469,38.96248162159469,floor,modeled,TRUE,0,0,38.96248162159469,12
53021,Franklin,9,Inland Empire,2020,13,0,0,0,13,4.43012618535438,361,38.96248162159469,38.96248162159469,floor,modeled,TRUE,0,0,38.96248162159469,13
53021,Franklin,9,Inland Empire,2021,15,0,0,0,15,4.543262825837178,361,38.96248162159469,38.96248162159469,floor,modeled,TRUE,0,0,38.96248162159469,15
53021,Franklin,9,Inland Empire,2022,12,0,0,0,12,4.804794193220012,361,38.96248162159469,38.96248162159469,floor,modeled,TRUE,0,0,38.96248162159469,12
53021,Franklin,9,Inland Empire,2023,0,NA,NA,NA,0,5.099508932232613,361,NA,38.96248162159469,NA,no_plots,FALSE,NA,NA,NA,NA
53021,Franklin,9,Inland Empire,2024,1,0,NA,NA,1,5.669666745641637,361,38.96248162159469,38.96248162159469,floor,single_plot_no_variance,FALSE,NA,NA,NA,NA
53021,Franklin,9,Inland Empire,2025,0,NA,NA,NA,0,6.262096855700393,361,NA,38.96248162159469,NA,no_plots,FALSE,NA,NA,NA,NA
53023,Garfield,9,Inland Empire,2016,12,82.73408017086035,36.944910831093814,1364.926436317473,12,13.785327541611018,222,1364.926436317473,38.96248162159469,direct_biomass_var,modeled,TRUE,82.73408017086035,36.944910831093814,1364.926436317473,12
53023,Garfield,9,Inland Empire,2017,9,25.236132361393558,17.35201946410542,301.0925794826934,9,13.66271131343362,222,301.0925794826934,38.96248162159469,direct_biomass_var,modeled,TRUE,25.236132361393558,17.35201946410542,301.0925794826934,9
53023,Garfield,9,Inland Empire,2018,13,32.09396973045294,11.296750576277137,127.61657358261783,13,13.538958213159402,222,127.61657358261783,38.96248162159469,direct_biomass_var,modeled,TRUE,32.09396973045294,11.296750576277137,127.61657358261783,13
53023,Garfield,9,Inland Empire,2019,8,78.7658598489856,44.88920660872622,2015.0408699609097,8,13.440117612501194,222,2015.0408699609097,38.96248162159469,direct_biomass_var,modeled,TRUE,78.7658598489856,44.88920660872622,2015.0408699609097,8
53023,Garfield,9,Inland Empire,2020,10,50.16378983058336,21.225386995831496,450.5170531228128,10,13.33814877494803,222,450.5170531228128,38.96248162159469,direct_biomass_var,modeled,TRUE,50.16378983058336,21.225386995831496,450.5170531228128,10
53023,Garfield,9,Inland Empire,2021,7,23.864842473906354,15.498261632648104,240.19611363401228,7,11.829957597740417,222,240.19611363401228,38.96248162159469,direct_biomass_var,modeled,TRUE,23.864842473906354,15.498261632648104,240.19611363401228,7
53023,Garfield,9,Inland Empire,2022,11,0,0,0,11,11.904615700525815,222,38.96248162159469,38.96248162159469,floor,modeled,TRUE,0,0,38.96248162159469,11
53023,Garfield,9,Inland Empire,2023,1,160.85165603241035,NA,NA,1,12.165837443188511,222,38.96248162159469,38.96248162159469,floor,single_plot_no_variance,FALSE,NA,NA,NA,NA
53023,Garfield,9,Inland Empire,2024,1,0,NA,NA,1,12.24584036956978,222,38.96248162159469,38.96248162159469,floor,single_plot_no_variance,FALSE,NA,NA,NA,NA
53023,Garfield,9,Inland Empire,2025,0,NA,NA,NA,0,12.150463690673792,222,NA,38.96248162159469,NA,no_plots,FALSE,NA,NA,NA,NA
53025,Grant,9,Inland Empire,2016,30,0,0,0,30,3.9996453993296095,761,38.96248162159469,38.96248162159469,floor,modeled,TRUE,0,0,38.96248162159469,30
53025,Grant,9,Inland Empire,2017,30,0,0,0,30,4.013982418798476,761,38.96248162159469,38.96248162159469,floor,modeled,TRUE,0,0,38.96248162159469,30
53025,Grant,9,Inland Empire,2018,34,0,0,0,34,3.890117938902402,761,38.96248162159469,38.96248162159469,floor,modeled,TRUE,0,0,38.96248162159469,34
53025,Grant,9,Inland Empire,2019,27,0,0,0,27,3.9779393817756374,761,38.96248162159469,38.96248162159469,floor,modeled,TRUE,0,0,38.96248162159469,27
53025,Grant,9,Inland Empire,2020,29,0,0,0,29,4.0961882456768475,761,38.96248162159469,38.96248162159469,floor,modeled,TRUE,0,0,38.96248162159469,29
53025,Grant,9,Inland Empire,2021,26,0,0,0,26,4.188387680457072,761,38.96248162159469,38.96248162159469,floor,modeled,TRUE,0,0,38.96248162159469,26
53025,Grant,9,Inland Empire,2022,31,0,0,0,31,4.442313135416165,761,38.96248162159469,38.96248162159469,floor,modeled,TRUE,0,0,38.96248162159469,31
53025,Grant,9,Inland Empire,2023,0,NA,NA,NA,0,4.7146535810656856,761,NA,38.96248162159469,NA,no_plots,FALSE,NA,NA,NA,NA
53025,Grant,9,Inland Empire,2024,0,NA,NA,NA,0,5.193706910835306,761,NA,38.96248162159469,NA,no_plots,FALSE,NA,NA,NA,NA
53025,Grant,9,Inland Empire,2025,0,NA,NA,NA,0,5.647369386174244,761,NA,38.96248162159469,NA,no_plots,FALSE,NA,NA,NA,NA
53027,Grays Harbor,6,Olympic Peninsula,2016,27,138.896243969076,23.99665423155985,575.8394143090393,27,67.68544447609956,538,575.8394143090393,38.96248162159469,direct_biomass_var,modeled,TRUE,138.896243969076,23.99665423155985,575.8394143090393,27
53027,Grays Harbor,6,Olympic Peninsula,2017,27,159.04810013717542,28.566356343240443,816.0367147289935,27,67.85835411323805,538,816.0367147289935,38.96248162159469,direct_biomass_var,modeled,TRUE,159.04810013717542,28.566356343240443,816.0367147289935,27
53027,Grays Harbor,6,Olympic Peninsula,2018,27,182.79423478105306,25.50294801142874,650.400357273637,27,67.87824969494483,538,650.400357273637,38.96248162159469,direct_biomass_var,modeled,TRUE,182.79423478105306,25.50294801142874,650.400357273637,27
53027,Grays Harbor,6,Olympic Peninsula,2019,28,172.76165420581736,35.05726254529046,1229.0116571694255,28,68.12390026408718,538,1229.0116571694255,38.96248162159469,direct_biomass_var,modeled,TRUE,172.76165420581736,35.05726254529046,1229.0116571694255,28
53027,Grays Harbor,6,Olympic Peninsula,2020,17,249.29970101088125,49.80085836428223,2480.125493819299,17,68.40840559464789,538,2480.125493819299,38.96248162159469,direct_biomass_var,modeled,TRUE,249.29970101088125,49.80085836428223,2480.125493819299,17
53027,Grays Harbor,6,Olympic Peninsula,2021,21,195.82198369164027,40.882192922932525,1671.3536981878742,21,68.21113669293379,538,1671.3536981878742,38.96248162159469,direct_biomass_var,modeled,TRUE,195.82198369164027,40.882192922932525,1671.3536981878742,21
53027,Grays Harbor,6,Olympic Peninsula,2022,17,209.44174449946567,41.74885996700983,1742.9673085449958,17,68.08240458441256,538,1742.9673085449958,38.96248162159469,direct_biomass_var,modeled,TRUE,209.44174449946567,41.74885996700983,1742.9673085449958,17
53027,Grays Harbor,6,Olympic Peninsula,2023,20,155.68508198281654,28.201226627667516,795.3091833050634,20,67.9825398262147,538,795.3091833050634,38.96248162159469,direct_biomass_var,modeled,TRUE,155.68508198281654,28.201226627667516,795.3091833050634,20
53027,Grays Harbor,6,Olympic Peninsula,2024,3,145.88977747428478,23.071269074224478,532.2834566952669,3,68.01374351644274,538,532.2834566952669,38.96248162159469,direct_biomass_var,modeled,TRUE,145.88977747428478,23.071269074224478,532.2834566952669,3
53027,Grays Harbor,6,Olympic Peninsula,2025,0,NA,NA,NA,0,67.62742644784548,538,NA,38.96248162159469,NA,no_plots,FALSE,NA,NA,NA,NA
53029,Island,5,Puget Sound,2016,2,0,0,0,2,43.915374969777666,96,38.96248162159469,38.96248162159469,floor,modeled,TRUE,0,0,38.96248162159469,2
53029,Island,5,Puget Sound,2017,5,28.726741190199427,28.726741190199423,825.2256594087002,5,43.53611975649548,96,825.2256594087002,38.96248162159469,direct_biomass_var,modeled,TRUE,28.726741190199427,28.726741190199423,825.2256594087002,5
53029,Island,5,Puget Sound,2018,6,31.65501150772994,23.197736695873015,538.1349878110535,6,43.18635244622489,96,538.1349878110535,38.96248162159469,direct_biomass_var,modeled,TRUE,31.65501150772994,23.197736695873015,538.1349878110535,6
53029,Island,5,Puget Sound,2019,2,0,0,0,2,43.087284681332534,96,38.96248162159469,38.96248162159469,floor,modeled,TRUE,0,0,38.96248162159469,2
53029,Island,5,Puget Sound,2020,3,17.9085197009389,17.9085197009389,320.7150778789167,3,43.21931354069914,96,320.7150778789167,38.96248162159469,direct_biomass_var,modeled,TRUE,17.9085197009389,17.9085197009389,320.7150778789167,3
53029,Island,5,Puget Sound,2021,2,0,0,0,2,43.11560166346399,96,38.96248162159469,38.96248162159469,floor,modeled,TRUE,0,0,38.96248162159469,2
53029,Island,5,Puget Sound,2022,3,0,0,0,3,43.1934286362976,96,38.96248162159469,38.96248162159469,floor,modeled,TRUE,0,0,38.96248162159469,3
53029,Island,5,Puget Sound,2023,1,7.525063587099767,NA,NA,1,43.274047599177834,96,38.96248162159469,38.96248162159469,floor,single_plot_no_variance,FALSE,NA,NA,NA,NA
53029,Island,5,Puget Sound,2024,0,NA,NA,NA,0,43.40536132066135,96,NA,38.96248162159469,NA,no_plots,FALSE,NA,NA,NA,NA
53029,Island,5,Puget Sound,2025,0,NA,NA,NA,0,43.288603141653496,96,NA,38.96248162159469,NA,no_plots,FALSE,NA,NA,NA,NA
53031,Jefferson,6,Olympic Peninsula,2016,25,314.339492945006,43.78863394979442,1917.4444631890888,25,66.9744987482242,527,1917.4444631890888,38.96248162159469,direct_biomass_var,modeled,TRUE,314.339492945006,43.78863394979442,1917.4444631890888,25
53031,Jefferson,6,Olympic Peninsula,2017,26,268.4695785457169,46.259748805852034,2139.9643595805287,26,66.83586159971188,527,2139.9643595805287,38.96248162159469,direct_biomass_var,modeled,TRUE,268.4695785457169,46.259748805852034,2139.9643595805287,26
53031,Jefferson,6,Olympic Peninsula,2018,20,272.6519677682563,41.70482694174427,1739.292590240839,20,66.71318106732414,527,1739.292590240839,38.96248162159469,direct_biomass_var,modeled,TRUE,272.6519677682563,41.70482694174427,1739.292590240839,20
53031,Jefferson,6,Olympic Peninsula,2019,25,138.62533519873733,32.73175040802027,1071.367484772935,25,66.83586331914022,527,1071.367484772935,38.96248162159469,direct_biomass_var,modeled,TRUE,138.62533519873733,32.73175040802027,1071.367484772935,25
53031,Jefferson,6,Olympic Peninsula,2020,18,295.6713614466374,75.50549395235015,5701.079616988385,18,67.01359411482498,527,5701.079616988385,38.96248162159469,direct_biomass_var,modeled,TRUE,295.6713614466374,75.50549395235015,5701.079616988385,18
53031,Jefferson,6,Olympic Peninsula,2021,22,189.72436673760077,38.808454726759805,1506.0961582789655,22,66.867079210697,527,1506.0961582789655,38.96248162159469,direct_biomass_var,modeled,TRUE,189.72436673760077,38.808454726759805,1506.0961582789655,22
53031,Jefferson,6,Olympic Peninsula,2022,17,175.33899294435423,41.58887327134841,1729.6343799802783,17,66.85865215410234,527,1729.6343799802783,38.96248162159469,direct_biomass_var,modeled,TRUE,175.33899294435423,41.58887327134841,1729.6343799802783,17
53031,Jefferson,6,Olympic Peninsula,2023,19,277.6353368243725,54.34070583757827,2952.912310926213,19,66.7887372821198,527,2952.912310926213,38.96248162159469,direct_biomass_var,modeled,TRUE,277.6353368243725,54.34070583757827,2952.912310926213,19
53031,Jefferson,6,Olympic Peninsula,2024,2,138.95477855615354,23.17935492156152,537.2824945797182,2,66.71886936816495,527,537.2824945797182,38.96248162159469,direct_biomass_var,modeled,TRUE,138.95477855615354,23.17935492156152,537.2824945797182,2
53031,Jefferson,6,Olympic Peninsula,2025,0,NA,NA,NA,0,66.5533182100836,527,NA,38.96248162159469,NA,no_plots,FALSE,NA,NA,NA,NA
53033,King,5,Puget Sound,2016,33,196.1877662434464,30.419044493883558,925.3182679208676,33,57.20283889680508,610,925.3182679208676,38.96248162159469,direct_biomass_var,modeled,TRUE,196.1877662434464,30.419044493883558,925.3182679208676,33
53033,King,5,Puget Sound,2017,31,176.28883003602542,33.172086266861285,1100.387307296087,31,56.999712555950296,610,1100.387307296087,38.96248162159469,direct_biomass_var,modeled,TRUE,176.28883003602542,33.172086266861285,1100.387307296087,31
53033,King,5,Puget Sound,2018,34,160.23686606246125,26.361877229857647,694.9485710820871,34,56.81548390000992,610,694.9485710820871,38.96248162159469,direct_biomass_var,modeled,TRUE,160.23686606246125,26.361877229857647,694.9485710820871,34
53033,King,5,Puget Sound,2019,33,122.2118698687681,27.524217254767617,757.5825354876474,33,56.911847522955654,610,757.5825354876474,38.96248162159469,direct_biomass_var,modeled,TRUE,122.2118698687681,27.524217254767617,757.5825354876474,33
53033,King,5,Puget Sound,2020,30,158.08786245007622,29.521196082210935,871.5010181243463,30,56.91782885835986,610,871.5010181243463,38.96248162159469,direct_biomass_var,modeled,TRUE,158.08786245007622,29.521196082210935,871.5010181243463,30
53033,King,5,Puget Sound,2021,26,149.9707211672669,41.92526567293457,1757.727901746146,26,56.85309879304903,610,1757.727901746146,38.96248162159469,direct_biomass_var,modeled,TRUE,149.9707211672669,41.92526567293457,1757.727901746146,26
53033,King,5,Puget Sound,2022,24,97.71996906723926,23.214106677903285,538.8947488530739,24,56.77204992588064,610,538.8947488530739,38.96248162159469,direct_biomass_var,modeled,TRUE,97.71996906723926,23.214106677903285,538.8947488530739,24
53033,King,5,Puget Sound,2023,10,123.49971981575571,34.69658145958477,1203.8527649816017,10,56.33026997129697,610,1203.8527649816017,38.96248162159469,direct_biomass_var,modeled,TRUE,123.49971981575571,34.69658145958477,1203.8527649816017,10
53033,King,5,Puget Sound,2024,7,140.72780503927845,75.9935626780538,5775.021568503293,7,56.25919079399156,610,5775.021568503293,38.96248162159469,direct_biomass_var,modeled,TRUE,140.72780503927845,75.9935626780538,5775.021568503293,7
53033,King,5,Puget Sound,2025,0,NA,NA,NA,0,56.11815901134596,610,NA,38.96248162159469,NA,no_plots,FALSE,NA,NA,NA,NA
53035,Kitsap,5,Puget Sound,2016,5,69.86578710917175,68.29897531652045,4664.750029286671,5,55.97126826595297,141,4664.750029286671,38.96248162159469,direct_biomass_var,modeled,TRUE,69.86578710917175,68.29897531652045,4664.750029286671,5
53035,Kitsap,5,Puget Sound,2017,4,80.60830933761518,51.48030058046903,2650.2213478554395,4,55.591061922751855,141,2650.2213478554395,38.96248162159469,direct_biomass_var,modeled,TRUE,80.60830933761518,51.48030058046903,2650.2213478554395,4
53035,Kitsap,5,Puget Sound,2018,3,123.39485526122424,63.109653014098,3982.828303559849,3,55.00302394164747,141,3982.828303559849,38.96248162159469,direct_biomass_var,modeled,TRUE,123.39485526122424,63.109653014098,3982.828303559849,3
53035,Kitsap,5,Puget Sound,2019,5,76.08890765302614,33.93628746708516,1151.6716070486411,5,54.754658945036546,141,1151.6716070486411,38.96248162159469,direct_biomass_var,modeled,TRUE,76.08890765302614,33.93628746708516,1151.6716070486411,5
53035,Kitsap,5,Puget Sound,2020,2,0,0,0,2,54.79073731769998,141,38.96248162159469,38.96248162159469,floor,modeled,TRUE,0,0,38.96248162159469,2
53035,Kitsap,5,Puget Sound,2021,5,99.42794469295332,76.98475228308124,5926.652084087382,5,54.46757249720746,141,5926.652084087382,38.96248162159469,direct_biomass_var,modeled,TRUE,99.42794469295332,76.98475228308124,5926.652084087382,5
53035,Kitsap,5,Puget Sound,2022,5,50.25156962247557,50.25156962247557,2525.2202495225097,5,54.436314948375895,141,2525.2202495225097,38.96248162159469,direct_biomass_var,modeled,TRUE,50.25156962247557,50.25156962247557,2525.2202495225097,5
53035,Kitsap,5,Puget Sound,2023,3,92.44329701061673,49.086244077441464,2409.4593576301572,3,54.489235742192285,141,2409.4593576301572,38.96248162159469,direct_biomass_var,modeled,TRUE,92.44329701061673,49.086244077441464,2409.4593576301572,3
53035,Kitsap,5,Puget Sound,2024,3,144.62516607959017,89.54919825518645,8019.058908146689,3,54.444665118906194,141,8019.058908146689,38.96248162159469,direct_biomass_var,modeled,TRUE,144.62516607959017,89.54919825518645,8019.058908146689,3
53035,Kitsap,5,Puget Sound,2025,0,NA,NA,NA,0,54.226378755589025,141,NA,38.96248162159469,NA,no_plots,FALSE,NA,NA,NA,NA
53037,Kittitas,8,Central,2016,46,90.270381319530145,14.343352495276164,205.73176080374498,46,29.58132514085651,641,205.73176080374498,38.96248162159469,direct_biomass_var,modeled,TRUE,90.270381319530145,14.343352495276164,205.73176080374498,46
53037,Kittitas,8,Central,2017,38,72.02176338900789,14.788962590628683,218.71341450701465,38,29.431284590666145,641,218.71341450701465,38.96248162159469,direct_biomass_var,modeled,TRUE,72.02176338900789,14.788962590628683,218.71341450701465,38
53037,Kittitas,8,Central,2018,46,115.99373909545967,16.8744694924508,284.74772065165274,46,28.844890202371996,641,284.74772065165274,38.96248162159469,direct_biomass_var,modeled,TRUE,115.99373909545967,16.8744694924508,284.74772065165274,46
53037,Kittitas,8,Central,2019,47,92.84481132576454,16.759692153072944,280.8872810657748,47,28.99942977476594,641,280.8872810657748,38.96248162159469,direct_biomass_var,modeled,TRUE,92.84481132576454,16.759692153072944,280.8872810657748,47
53037,Kittitas,8,Central,2020,39,91.4065648563782,17.94724035058956,322.10343620183005,39,29.064977405214524,641,322.10343620183005,38.96248162159469,direct_biomass_var,modeled,TRUE,91.4065648563782,17.94724035058956,322.10343620183005,39
53037,Kittitas,8,Central,2021,41,91.46387098096184,16.907625433850473,285.8677978113874,41,29.028116083514433,641,285.8677978113874,38.96248162159469,direct_biomass_var,modeled,TRUE,91.46387098096184,16.907625433850473,285.8677978113874,41
53037,Kittitas,8,Central,2022,39,95.07220258343456,16.708760218899645,279.1826680526833,39,29.15874529173531,641,279.1826680526833,38.96248162159469,direct_biomass_var,modeled,TRUE,95.07220258343456,16.708760218899645,279.1826680526833,39
53037,Kittitas,8,Central,2023,9,98.29998918285655,33.267893808111864,1106.7527584278077,9,29.06643054116066,641,1106.7527584278077,38.96248162159469,direct_biomass_var,modeled,TRUE,98.29998918285655,33.267893808111864,1106.7527584278077,9
53037,Kittitas,8,Central,2024,1,126.46460139336806,NA,NA,1,29.047237885486748,641,38.96248162159469,38.96248162159469,floor,single_plot_no_variance,FALSE,NA,NA,NA,NA
53037,Kittitas,8,Central,2025,0,NA,NA,NA,0,28.934877812817472,641,NA,38.96248162159469,NA,no_plots,FALSE,NA,NA,NA,NA
53039,Klickitat,8,Central,2016,23,66.71253800587893,23.5924504810626,556.6037197013909,23,23.598362527375343,529,556.6037197013909,38.96248162159469,direct_biomass_var,modeled,TRUE,66.71253800587893,23.5924504810626,556.6037197013909,23
53039,Klickitat,8,Central,2017,17,46.06733504893395,17.320766041940516,300.0089362796397,17,23.394023786242784,529,300.0089362796397,38.96248162159469,direct_biomass_var,modeled,TRUE,46.06733504893395,17.320766041940516,300.0089362796397,17
53039,Klickitat,8,Central,2018,27,74.85698666278954,22.318906594828572,498.13359158868235,27,23.02972919287949,529,498.13359158868235,38.96248162159469,direct_biomass_var,modeled,TRUE,74.85698666278954,22.318906594828572,498.13359158868235,27
53039,Klickitat,8,Central,2019,21,56.87141341229179,19.792110432559266,391.72763537462134,21,23.00595557021645,529,391.72763537462134,38.96248162159469,direct_biomass_var,modeled,TRUE,56.87141341229179,19.792110432559266,391.72763537462134,21
53039,Klickitat,8,Central,2020,18,46.336887781605945,16.723592981494885,279.67856221070497,18,22.884152330494928,529,279.67856221070497,38.96248162159469,direct_biomass_var,modeled,TRUE,46.336887781605945,16.723592981494885,279.67856221070497,18
53039,Klickitat,8,Central,2021,22,35.034768332831426,15.955984822241144,254.59345164758975,22,22.677689871603555,529,254.59345164758975,38.96248162159469,direct_biomass_var,modeled,TRUE,35.034768332831426,15.955984822241144,254.59345164758975,22
53039,Klickitat,8,Central,2022,12,8.539576995324033,6.985055450148891,48.79099964165472,12,23.018046335710718,529,48.79099964165472,38.96248162159469,direct_biomass_var,modeled,TRUE,8.539576995324033,6.985055450148891,48.79099964165472,12
53039,Klickitat,8,Central,2023,10,94.7411379908464,24.570632378378296,603.7159754734118,10,23.037425567865693,529,603.7159754734118,38.96248162159469,direct_biomass_var,modeled,TRUE,94.7411379908464,24.570632378378296,603.7159754734118,10
53039,Klickitat,8,Central,2024,0,NA,NA,NA,0,23.138077841361117,529,NA,38.96248162159469,NA,no_plots,FALSE,NA,NA,NA,NA
53039,Klickitat,8,Central,2025,0,NA,NA,NA,0,23.165232402976322,529,NA,38.96248162159469,NA,no_plots,FALSE,NA,NA,NA,NA
53041,Lewis,7,Southwest,2016,41,196.67780750931735,30.96840206273422,959.0419263191611,41,66.53975711372061,668,959.0419263191611,38.96248162159469,direct_biomass_var,modeled,TRUE,196.67780750931735,30.96840206273422,959.0419263191611,41
53041,Lewis,7,Southwest,2017,34,189.8906562494435,31.77625312681084,1009.7302627791556,34,66.4311883183995,668,1009.7302627791556,38.96248162159469,direct_biomass_var,modeled,TRUE,189.8906562494435,31.77625312681084,1009.7302627791556,34
53041,Lewis,7,Southwest,2018,43,207.26479354969464,31.972718699383112,1022.2547410298826,43,66.17473636082671,668,1022.2547410298826,38.96248162159469,direct_biomass_var,modeled,TRUE,207.26479354969464,31.972718699383112,1022.2547410298826,43
53041,Lewis,7,Southwest,2019,43,281.107762971754,32.148162635083565,1033.504360811783,43,66.21320799539791,668,1033.504360811783,38.96248162159469,direct_biomass_var,modeled,TRUE,281.107762971754,32.148162635083565,1033.504360811783,43
53041,Lewis,7,Southwest,2020,35,292.8480674699988,38.21910105869392,1460.699685734659,35,66.32931925040917,668,1460.699685734659,38.96248162159469,direct_biomass_var,modeled,TRUE,292.8480674699988,38.21910105869392,1460.699685734659,35
53041,Lewis,7,Southwest,2021,37,210.60034238937664,34.5839870738917,1196.052161927108,37,66.11231215175336,668,1196.052161927108,38.96248162159469,direct_biomass_var,modeled,TRUE,210.60034238937664,34.5839870738917,1196.052161927108,37
53041,Lewis,7,Southwest,2022,28,227.2936152440254,35.97327872468255,1294.0767822036983,28,66.16002318874692,668,1294.0767822036983,38.96248162159469,direct_biomass_var,modeled,TRUE,227.2936152440254,35.97327872468255,1294.0767822036983,28
53041,Lewis,7,Southwest,2023,20,227.76168419976702,50.8985859586917,2590.6660525943275,20,65.96836603292806,668,2590.6660525943275,38.96248162159469,direct_biomass_var,modeled,TRUE,227.76168419976702,50.8985859586917,2590.6660525943275,20
53041,Lewis,7,Southwest,2024,3,80.2666362757065,80.26663627570652,6442.732899016565,3,65.98442433630078,668,6442.732899016565,38.96248162159469,direct_biomass_var,modeled,TRUE,80.2666362757065,80.26663627570652,6442.732899016565,3
53041,Lewis,7,Southwest,2025,0,NA,NA,NA,0,65.6696218845386,668,NA,38.96248162159469,NA,no_plots,FALSE,NA,NA,NA,NA
53043,Lincoln,9,Inland Empire,2016,27,2.6875710854113164,1.8914517099488404,3.5775895710683923,27,3.8139881592360063,635,3.5775895710683923,38.96248162159469,direct_biomass_var,modeled,TRUE,2.6875710854113164,1.8914517099488404,3.5775895710683923,27
53043,Lincoln,9,Inland Empire,2017,22,0,0,0,22,3.76300258211362,635,38.96248162159469,38.96248162159469,floor,modeled,TRUE,0,0,38.96248162159469,22
53043,Lincoln,9,Inland Empire,2018,24,2.017347575919276,2.017347575919276,4.069691242067378,24,3.6286022983578468,635,4.069691242067378,38.96248162159469,direct_biomass_var,modeled,TRUE,2.017347575919276,2.017347575919276,4.069691242067378,24
53043,Lincoln,9,Inland Empire,2019,25,0.5048395602114563,0.5048395602114562,0.25486298155449644,25,3.6031885174381477,635,0.25486298155449644,38.96248162159469,direct_biomass_var,modeled,TRUE,0.5048395602114563,0.5048395602114562,0.25486298155449644,25
53043,Lincoln,9,Inland Empire,2020,25,0,0,0,25,3.6043686283159815,635,38.96248162159469,38.96248162159469,floor,modeled,TRUE,0,0,38.96248162159469,25
53043,Lincoln,9,Inland Empire,2021,21,0,0,0,21,3.5352335069874474,635,38.96248162159469,38.96248162159469,floor,modeled,TRUE,0,0,38.96248162159469,21
53043,Lincoln,9,Inland Empire,2022,26,0,0,0,26,3.5685687579877112,635,38.96248162159469,38.96248162159469,floor,modeled,TRUE,0,0,38.96248162159469,26
53043,Lincoln,9,Inland Empire,2023,2,23.54373096124619,4.164441820827534,17.342575679057347,2,3.5686511781028423,635,17.342575679057347,38.96248162159469,direct_biomass_var,modeled,TRUE,23.54373096124619,4.164441820827534,17.342575679057347,2
53043,Lincoln,9,Inland Empire,2024,0,NA,NA,NA,0,3.6266086307456535,635,NA,38.96248162159469,NA,no_plots,FALSE,NA,NA,NA,NA
53043,Lincoln,9,Inland Empire,2025,0,NA,NA,NA,0,3.647232428157103,635,NA,38.96248162159469,NA,no_plots,FALSE,NA,NA,NA,NA
53045,Mason,6,Olympic Peninsula,2016,17,224.1341520588041,52.262226272176356,2731.3402949241604,17,65.15949275912224,295,2731.3402949241604,38.96248162159469,direct_biomass_var,modeled,TRUE,224.1341520588041,52.262226272176356,2731.3402949241604,17
53045,Mason,6,Olympic Peninsula,2017,15,181.1924287608438,46.396399475512595,2152.6258842913453,15,65.21213718846177,295,2152.6258842913453,38.96248162159469,direct_biomass_var,modeled,TRUE,181.1924287608438,46.396399475512595,2152.6258842913453,15
53045,Mason,6,Olympic Peninsula,2018,14,188.09466890529916,27.959497931664615,781.7335245907578,14,64.96950013928632,295,781.7335245907578,38.96248162159469,direct_biomass_var,modeled,TRUE,188.09466890529916,27.959497931664615,781.7335245907578,14
53045,Mason,6,Olympic Peninsula,2019,14,120.35843195246383,37.431490652946884,1401.1164925016499,14,64.91946176387869,295,1401.1164925016499,38.96248162159469,direct_biomass_var,modeled,TRUE,120.35843195246383,37.431490652946884,1401.1164925016499,14
53045,Mason,6,Olympic Peninsula,2020,15,123.70316678207439,27.18019206865309,738.7628408888722,15,65.04207665602297,295,738.7628408888722,38.96248162159469,direct_biomass_var,modeled,TRUE,123.70316678207439,27.18019206865309,738.7628408888722,15
53045,Mason,6,Olympic Peninsula,2021,16,134.4905563061477,30.723043188395053,943.9053827559877,16,64.82488820814183,295,943.9053827559877,38.96248162159469,direct_biomass_var,modeled,TRUE,134.4905563061477,30.723043188395053,943.9053827559877,16
53045,Mason,6,Olympic Peninsula,2022,6,185.71706709419166,57.679286399021116,3326.900079500302,6,64.75690198932384,295,3326.900079500302,38.96248162159469,direct_biomass_var,modeled,TRUE,185.71706709419166,57.679286399021116,3326.900079500302,6
53045,Mason,6,Olympic Peninsula,2023,9,166.82809515360574,52.04648909893411,2708.837027525467,9,64.43461924524867,295,2708.837027525467,38.96248162159469,direct_biomass_var,modeled,TRUE,166.82809515360574,52.04648909893411,2708.837027525467,9
53045,Mason,6,Olympic Peninsula,2024,1,70.76430555329449,NA,NA,1,64.24129560990583,295,38.96248162159469,38.96248162159469,floor,single_plot_no_variance,FALSE,NA,NA,NA,NA
53045,Mason,6,Olympic Peninsula,2025,0,NA,NA,NA,0,63.68069534553206,295,NA,38.96248162159469,NA,no_plots,FALSE,NA,NA,NA,NA
53047,Okanogan,8,Central,2016,104,59.92597638014415,6.7638193931426835,45.74925278305306,104,27.72438999594392,1401,45.74925278305306,38.96248162159469,direct_biomass_var,modeled,TRUE,59.92597638014415,6.7638193931426835,45.74925278305306,104
53047,Okanogan,8,Central,2017,94,56.70511420233267,6.144126565973099,37.75029125869638,94,27.06077504804703,1401,37.75029125869638,38.96248162159469,direct_biomass_var,modeled,TRUE,56.70511420233267,6.144126565973099,37.75029125869638,94
53047,Okanogan,8,Central,2018,91,44.90216046517352,6.28346972437383,39.48199177712253,91,25.653990094873034,1401,39.48199177712253,38.96248162159469,direct_biomass_var,modeled,TRUE,44.90216046517352,6.28346972437383,39.48199177712253,91
53047,Okanogan,8,Central,2019,108,43.71682774830378,5.890294741806736,34.69557214535608,108,25.179236721530806,1401,34.69557214535608,38.96248162159469,direct_biomass_var,modeled,TRUE,43.71682774830378,5.890294741806736,34.69557214535608,108
53047,Okanogan,8,Central,2020,88,53.45033624476721,7.162699566230431,51.30426507607761,88,25.1887066069416,1401,51.30426507607761,38.96248162159469,direct_biomass_var,modeled,TRUE,53.45033624476721,7.162699566230431,51.30426507607761,88
53047,Okanogan,8,Central,2021,94,54.28262084564098,6.887304117848034,47.434958011726486,94,24.623707294876613,1401,47.434958011726486,38.96248162159469,direct_biomass_var,modeled,TRUE,54.28262084564098,6.887304117848034,47.434958011726486,94
53047,Okanogan,8,Central,2022,80,49.40556185545708,7.673300480731547,58.879540267595,80,24.219155279205307,1401,58.879540267595,38.96248162159469,direct_biomass_var,modeled,TRUE,49.40556185545708,7.673300480731547,58.879540267595,80
53047,Okanogan,8,Central,2023,22,40.226918691804826,11.153012861987165,124.38969589965113,22,23.896552370730205,1401,124.38969589965113,38.96248162159469,direct_biomass_var,modeled,TRUE,40.226918691804826,11.153012861987165,124.38969589965113,22
53047,Okanogan,8,Central,2024,6,7.715102320131742,4.897096460292063,23.981553741405047,6,23.76354883377323,1401,23.981553741405047,38.96248162159469,direct_biomass_var,modeled,TRUE,7.715102320131742,4.897096460292063,23.981553741405047,6
53047,Okanogan,8,Central,2025,0,NA,NA,NA,0,23.58406778249693,1401,NA,38.96248162159469,NA,no_plots,FALSE,NA,NA,NA,NA
53049,Pacific,7,Southwest,2016,8,154.34879661198192,31.576052266723597,997.0470767508604,8,65.88333267256102,288,997.0470767508604,38.96248162159469,direct_biomass_var,modeled,TRUE,154.34879661198192,31.576052266723597,997.0470767508604,8
53049,Pacific,7,Southwest,2017,11,89.83997488753522,28.26475884634345,798.8965926419504,11,66.48909282864385,288,798.8965926419504,38.96248162159469,direct_biomass_var,modeled,TRUE,89.83997488753522,28.26475884634345,798.8965926419504,11
53049,Pacific,7,Southwest,2018,12,149.6198505404602,25.192482705113076,634.6611848474214,12,66.72120441891249,288,634.6611848474214,38.96248162159469,direct_biomass_var,modeled,TRUE,149.6198505404602,25.192482705113076,634.6611848474214,12
53049,Pacific,7,Southwest,2019,10,121.81278145921387,33.86771483784542,1147.0221083376148,10,67.11455791336311,288,1147.0221083376148,38.96248162159469,direct_biomass_var,modeled,TRUE,121.81278145921387,33.86771483784542,1147.0221083376148,10
53049,Pacific,7,Southwest,2020,1,97.83671897374786,NA,NA,1,67.67841008104385,288,38.96248162159469,38.96248162159469,floor,single_plot_no_variance,FALSE,NA,NA,NA,NA
53049,Pacific,7,Southwest,2021,15,50.43248454480401,17.526632355390745,307.1828417210298,15,67.66323707981884,288,307.1828417210298,38.96248162159469,direct_biomass_var,modeled,TRUE,50.43248454480401,17.526632355390745,307.1828417210298,15
53049,Pacific,7,Southwest,2022,5,148.27172809188176,69.48002783312732,4827.474267692148,5,67.93104519952934,288,4827.474267692148,38.96248162159469,direct_biomass_var,modeled,TRUE,148.27172809188176,69.48002783312732,4827.474267692148,5
53049,Pacific,7,Southwest,2023,10,251.17944391343164,57.27948733294168,3280.939669124626,10,67.9118026545374,288,3280.939669124626,38.96248162159469,direct_biomass_var,modeled,TRUE,251.17944391343164,57.27948733294168,3280.939669124626,10
53049,Pacific,7,Southwest,2024,1,0,NA,NA,1,68.26055049841214,288,38.96248162159469,38.96248162159469,floor,single_plot_no_variance,FALSE,NA,NA,NA,NA
53049,Pacific,7,Southwest,2025,0,NA,NA,NA,0,68.31219014928395,288,NA,38.96248162159469,NA,no_plots,FALSE,NA,NA,NA,NA
53051,Pend Oreille,9,Inland Empire,2016,27,143.76311007352464,18.81391536230097,353.9634112598245,27,59.58579125541987,400,353.9634112598245,38.96248162159469,direct_biomass_var,modeled,TRUE,143.76311007352464,18.81391536230097,353.9634112598245,27
53051,Pend Oreille,9,Inland Empire,2017,26,124.11950375773186,19.798748147912562,391.9904282244711,26,59.14223061228962,400,391.9904282244711,38.96248162159469,direct_biomass_var,modeled,TRUE,124.11950375773186,19.798748147912562,391.9904282244711,26
53051,Pend Oreille,9,Inland Empire,2018,27,119.68282940208931,18.2698167766391,333.7862050519635,27,57.87615837007022,400,333.7862050519635,38.96248162159469,direct_biomass_var,modeled,TRUE,119.68282940208931,18.2698167766391,333.7862050519635,27
53051,Pend Oreille,9,Inland Empire,2019,31,165.43034755065946,18.417629682391286,339.2090831177006,31,57.84597596888051,400,339.2090831177006,38.96248162159469,direct_biomass_var,modeled,TRUE,165.43034755065946,18.417629682391286,339.2090831177006,31
53051,Pend Oreille,9,Inland Empire,2020,25,140.8532771787572,17.701335074357026,313.33726341466223,25,57.81801713999626,400,313.33726341466223,38.96248162159469,direct_biomass_var,modeled,TRUE,140.8532771787572,17.701335074357026,313.33726341466223,25
53051,Pend Oreille,9,Inland Empire,2021,29,114.21004840153128,17.55899608407909,308.31834348070487,29,57.38847327683186,400,308.31834348070487,38.96248162159469,direct_biomass_var,modeled,TRUE,114.21004840153128,17.55899608407909,308.31834348070487,29
53051,Pend Oreille,9,Inland Empire,2022,27,147.50385511404474,19.27511460825046,371.53004316119024,27,57.63396012708603,400,371.53004316119024,38.96248162159469,direct_biomass_var,modeled,TRUE,147.50385511404474,19.27511460825046,371.53004316119024,27
53051,Pend Oreille,9,Inland Empire,2023,10,92.31985744612525,30.647039455939886,939.2410274139362,10,57.357229419238834,400,939.2410274139362,38.96248162159469,direct_biomass_var,modeled,TRUE,92.31985744612525,30.647039455939886,939.2410274139362,10
53051,Pend Oreille,9,Inland Empire,2024,2,235.52600897163217,157.85711047962585,24918.8673289768,2,57.094192994678956,400,24918.8673289768,38.96248162159469,direct_biomass_var,modeled,TRUE,235.52600897163217,157.85711047962585,24918.8673289768,2
53051,Pend Oreille,9,Inland Empire,2025,0,NA,NA,NA,0,56.34344328137868,400,NA,38.96248162159469,NA,no_plots,FALSE,NA,NA,NA,NA
53053,Pierce,5,Puget Sound,2016,18,170.34348280944252,40.67115012001171,1654.1424520845285,18,53.453351812867524,498,1654.1424520845285,38.96248162159469,direct_biomass_var,modeled,TRUE,170.34348280944252,40.67115012001171,1654.1424520845285,18
53053,Pierce,5,Puget Sound,2017,20,169.878948841905,38.5916296949856,1489.3138825148942,20,53.21083175365518,498,1489.3138825148942,38.96248162159469,direct_biomass_var,modeled,TRUE,169.878948841905,38.5916296949856,1489.3138825148942,20
53053,Pierce,5,Puget Sound,2018,25,148.3865759864447,37.61772688952606,1415.0933763349722,25,52.40433708065172,498,1415.0933763349722,38.96248162159469,direct_biomass_var,modeled,TRUE,148.3865759864447,37.61772688952606,1415.0933763349722,25
53053,Pierce,5,Puget Sound,2019,20,208.1126436582617,47.68115359197655,2273.4924078616586,20,52.37900730230324,498,2273.4924078616586,38.96248162159469,direct_biomass_var,modeled,TRUE,208.1126436582617,47.68115359197655,2273.4924078616586,20
53053,Pierce,5,Puget Sound,2020,17,168.7823656612614,50.831666525852135,2583.8583217954365,17,52.360119594650335,498,2583.8583217954365,38.96248162159469,direct_biomass_var,modeled,TRUE,168.7823656612614,50.831666525852135,2583.8583217954365,17
53053,Pierce,5,Puget Sound,2021,21,132.98837234691462,39.72964543722494,1578.4447265676083,21,52.22598849723454,498,1578.4447265676083,38.96248162159469,direct_biomass_var,modeled,TRUE,132.98837234691462,39.72964543722494,1578.4447265676083,21
53053,Pierce,5,Puget Sound,2022,22,100.00321434914052,26.943401316490387,725.9468745014559,22,52.19619437058731,498,725.9468745014559,38.96248162159469,direct_biomass_var,modeled,TRUE,100.00321434914052,26.943401316490387,725.9468745014559,22
53053,Pierce,5,Puget Sound,2023,11,110.10526579643181,41.45014809725227,1718.1147772841457,11,52.078147632029676,498,1718.1147772841457,38.96248162159469,direct_biomass_var,modeled,TRUE,110.10526579643181,41.45014809725227,1718.1147772841457,11
53053,Pierce,5,Puget Sound,2024,4,283.25054613446036,101.31652429967242,10265.038096166112,4,52.01196504588434,498,10265.038096166112,38.96248162159469,direct_biomass_var,modeled,TRUE,283.25054613446036,101.31652429967242,10265.038096166112,4
53053,Pierce,5,Puget Sound,2025,0,NA,NA,NA,0,51.77323499101051,498,NA,38.96248162159469,NA,no_plots,FALSE,NA,NA,NA,NA
53055,San Juan,5,Puget Sound,2016,3,126.86842662112512,126.86842662112512,16095.59767331981,3,36.414987146902064,93,16095.59767331981,38.96248162159469,direct_biomass_var,modeled,TRUE,126.86842662112512,126.86842662112512,16095.59767331981,3
53055,San Juan,5,Puget Sound,2017,5,214.921660671142,133.495015482772,17820.91915874554,5,36.214127822703446,93,17820.91915874554,38.96248162159469,direct_biomass_var,modeled,TRUE,214.921660671142,133.495015482772,17820.91915874554,5
53055,San Juan,5,Puget Sound,2018,5,37.90817696563555,22.389601927560747,501.29427447463195,5,36.00862535077688,93,501.29427447463195,38.96248162159469,direct_biomass_var,modeled,TRUE,37.90817696563555,22.389601927560747,501.29427447463195,5
53055,San Juan,5,Puget Sound,2019,3,0,0,0,3,35.972075409841516,93,38.96248162159469,38.96248162159469,floor,modeled,TRUE,0,0,38.96248162159469,3
53055,San Juan,5,Puget Sound,2020,0,NA,NA,NA,0,35.91607769991866,93,NA,38.96248162159469,NA,no_plots,FALSE,NA,NA,NA,NA
53055,San Juan,5,Puget Sound,2021,2,76.48540012747031,76.4854001274703,5850.016432659234,2,35.72637441642671,93,5850.016432659234,38.96248162159469,direct_biomass_var,modeled,TRUE,76.48540012747031,76.4854001274703,5850.016432659234,2
53055,San Juan,5,Puget Sound,2022,4,83.54386450527525,37.992092693836476,1443.399107257063,4,35.628946229998796,93,1443.399107257063,38.96248162159469,direct_biomass_var,modeled,TRUE,83.54386450527525,37.992092693836476,1443.399107257063,4
53055,San Juan,5,Puget Sound,2023,2,288.3734542161853,288.3734542161852,83159.24909657428,2,35.51367194975075,93,83159.24909657428,38.96248162159469,direct_biomass_var,modeled,TRUE,288.3734542161853,288.3734542161852,83159.24909657428,2
53055,San Juan,5,Puget Sound,2024,1,0,NA,NA,1,35.50010141238374,93,38.96248162159469,38.96248162159469,floor,single_plot_no_variance,FALSE,NA,NA,NA,NA
53055,San Juan,5,Puget Sound,2025,0,NA,NA,NA,0,35.44108785317475,93,NA,38.96248162159469,NA,no_plots,FALSE,NA,NA,NA,NA
53057,Skagit,5,Puget Sound,2016,36,215.43221982383884,28.77794401775623,828.1700618891116,36,56.86610332648188,506,828.1700618891116,38.96248162159469,direct_biomass_var,modeled,TRUE,215.43221982383884,28.77794401775623,828.1700618891116,36
53057,Skagit,5,Puget Sound,2017,28,168.45845159593844,27.622453979469935,762.9999638479344,28,56.74974181601116,506,762.9999638479344,38.96248162159469,direct_biomass_var,modeled,TRUE,168.45845159593844,27.622453979469935,762.9999638479344,28
53057,Skagit,5,Puget Sound,2018,29,160.45582290246128,29.320587965111525,859.6968786198428,29,56.50211714767427,506,859.6968786198428,38.96248162159469,direct_biomass_var,modeled,TRUE,160.45582290246128,29.320587965111525,859.6968786198428,29
53057,Skagit,5,Puget Sound,2019,25,177.35817698739945,33.06217726720733,1093.1075656482412,25,56.58227833306422,506,1093.1075656482412,38.96248162159469,direct_biomass_var,modeled,TRUE,177.35817698739945,33.06217726720733,1093.1075656482412,25
53057,Skagit,5,Puget Sound,2020,32,237.42337934594806,30.741869704733748,945.0625529428266,32,56.64528794828228,506,945.0625529428266,38.96248162159469,direct_biomass_var,modeled,TRUE,237.42337934594806,30.741869704733748,945.0625529428266,32
53057,Skagit,5,Puget Sound,2021,21,203.08152462638515,45.35617121905325,2057.1822676520746,21,56.581248883724705,506,2057.1822676520746,38.96248162159469,direct_biomass_var,modeled,TRUE,203.08152462638515,45.35617121905325,2057.1822676520746,21
53057,Skagit,5,Puget Sound,2022,14,153.62792847848976,59.248873469528796,3510.4290074082332,14,56.53313318418194,506,3510.4290074082332,38.96248162159469,direct_biomass_var,modeled,TRUE,153.62792847848976,59.248873469528796,3510.4290074082332,14
53057,Skagit,5,Puget Sound,2023,15,192.2060490911771,43.850031035313165,1922.8252217979277,15,56.41091661555139,506,1922.8252217979277,38.96248162159469,direct_biomass_var,modeled,TRUE,192.2060490911771,43.850031035313165,1922.8252217979277,15
53057,Skagit,5,Puget Sound,2024,5,183.84325524816947,88.02181846502346,7747.840525889545,5,56.32910628451124,506,7747.840525889545,38.96248162159469,direct_biomass_var,modeled,TRUE,183.84325524816947,88.02181846502346,7747.840525889545,5
53057,Skagit,5,Puget Sound,2025,0,NA,NA,NA,0,56.063578689049336,506,NA,38.96248162159469,NA,no_plots,FALSE,NA,NA,NA,NA
53059,Skamania,7,Southwest,2016,39,290.96794748615486,34.6460749696085,1200.3505107997325,39,70.75376917558337,464,1200.3505107997325,38.96248162159469,direct_biomass_var,modeled,TRUE,290.96794748615486,34.6460749696085,1200.3505107997325,39
53059,Skamania,7,Southwest,2017,46,304.1990434142793,26.80992483506252,718.7720696617022,46,70.5998266651571,464,718.7720696617022,38.96248162159469,direct_biomass_var,modeled,TRUE,304.1990434142793,26.80992483506252,718.7720696617022,46
53059,Skamania,7,Southwest,2018,51,219.34565230080307,24.577824551858114,604.0694597019195,51,70.27875573628832,464,604.0694597019195,38.96248162159469,direct_biomass_var,modeled,TRUE,219.34565230080307,24.577824551858114,604.0694597019195,51
53059,Skamania,7,Southwest,2019,51,315.49857667661786,32.26059525177057,1040.7460059985617,51,70.36434655642167,464,1040.7460059985617,38.96248162159469,direct_biomass_var,modeled,TRUE,315.49857667661786,32.26059525177057,1040.7460059985617,51
53059,Skamania,7,Southwest,2020,40,293.8817435597097,25.988701132167876,675.4125865371439,40,70.31311654686071,464,675.4125865371439,38.96248162159469,direct_biomass_var,modeled,TRUE,293.8817435597097,25.988701132167876,675.4125865371439,40
53059,Skamania,7,Southwest,2021,48,328.62414094190314,35.80615529299737,1282.0807568662433,48,69.69394575943518,464,1282.0807568662433,38.96248162159469,direct_biomass_var,modeled,TRUE,328.62414094190314,35.80615529299737,1282.0807568662433,48
53059,Skamania,7,Southwest,2022,39,246.12083933356217,26.79606198016114,718.0289376446374,39,69.65701617684964,464,718.0289376446374,38.96248162159469,direct_biomass_var,modeled,TRUE,246.12083933356217,26.79606198016114,718.0289376446374,39
53059,Skamania,7,Southwest,2023,15,257.7451130945794,51.688987683351385,2671.7514477296513,15,69.53943671816215,464,2671.7514477296513,38.96248162159469,direct_biomass_var,modeled,TRUE,257.7451130945794,51.688987683351385,2671.7514477296513,15
53059,Skamania,7,Southwest,2024,0,NA,NA,NA,0,69.44277276971249,464,NA,38.96248162159469,NA,no_plots,FALSE,NA,NA,NA,NA
53059,Skamania,7,Southwest,2025,0,NA,NA,NA,0,69.21807113091332,464,NA,38.96248162159469,NA,no_plots,FALSE,NA,NA,NA,NA
53061,Snohomish,5,Puget Sound,2016,37,225.61464974195727,47.08264765610529,2216.7757103089566,37,58.66961645628755,578,2216.7757103089566,38.96248162159469,direct_biomass_var,modeled,TRUE,225.61464974195727,47.08264765610529,2216.7757103089566,37
53061,Snohomish,5,Puget Sound,2017,26,153.73033377416982,35.9480302784423,1292.2608808998045,26,58.50761459872827,578,1292.2608808998045,38.96248162159469,direct_biomass_var,modeled,TRUE,153.73033377416982,35.9480302784423,1292.2608808998045,26
53061,Snohomish,5,Puget Sound,2018,28,123.08469741778048,30.257068547589324,915.4901970935191,28,58.2206142405449,578,915.4901970935191,38.96248162159469,direct_biomass_var,modeled,TRUE,123.08469741778048,30.257068547589324,915.4901970935191,28
53061,Snohomish,5,Puget Sound,2019,36,180.25898146401414,34.13568413071862,1165.2449310721952,36,58.22133839823432,578,1165.2449310721952,38.96248162159469,direct_biomass_var,modeled,TRUE,180.25898146401414,34.13568413071862,1165.2449310721952,36
53061,Snohomish,5,Puget Sound,2020,35,177.78719391458688,33.86625188594687,1146.9230168024,35,58.25670624870468,578,1146.9230168024,38.96248162159469,direct_biomass_var,modeled,TRUE,177.78719391458688,33.86625188594687,1146.9230168024,35
53061,Snohomish,5,Puget Sound,2021,32,150.9047197456112,32.30598890599352,1043.6769191941767,32,58.1484025690798,578,1043.6769191941767,38.96248162159469,direct_biomass_var,modeled,TRUE,150.9047197456112,32.30598890599352,1043.6769191941767,32
53061,Snohomish,5,Puget Sound,2022,22,108.78573266067556,36.942174099682134,1364.7242272112255,22,58.13253089791286,578,1364.7242272112255,38.96248162159469,direct_biomass_var,modeled,TRUE,108.78573266067556,36.942174099682134,1364.7242272112255,22
53061,Snohomish,5,Puget Sound,2023,13,173.40157601234407,77.53445546658973,6011.591784500587,13,58.05916876116608,578,6011.591784500587,38.96248162159469,direct_biomass_var,modeled,TRUE,173.40157601234407,77.53445546658973,6011.591784500587,13
53061,Snohomish,5,Puget Sound,2024,4,133.61283684097336,104.8215217728117,10987.55142676804,4,58.00812927082733,578,10987.55142676804,38.96248162159469,direct_biomass_var,modeled,TRUE,133.61283684097336,104.8215217728117,10987.55142676804,4
53061,Snohomish,5,Puget Sound,2025,0,NA,NA,NA,0,57.78741997777122,578,NA,38.96248162159469,NA,no_plots,FALSE,NA,NA,NA,NA
53063,Spokane,9,Inland Empire,2016,21,28.742791584135222,12.490187602307262,156.00478634083004,21,18.666627311411744,487,156.00478634083004,38.96248162159469,direct_biomass_var,modeled,TRUE,28.742791584135222,12.490187602307262,156.00478634083004,21
53063,Spokane,9,Inland Empire,2017,17,45.605802227109955,24.281704380090726,589.6011676021171,17,18.379128268498402,487,589.6011676021171,38.96248162159469,direct_biomass_var,modeled,TRUE,45.605802227109955,24.281704380090726,589.6011676021171,17
53063,Spokane,9,Inland Empire,2018,20,28.705593416646476,11.060179737910545,122.32757583488697,20,17.835735480498823,487,122.32757583488697,38.96248162159469,direct_biomass_var,modeled,TRUE,28.705593416646476,11.060179737910545,122.32757583488697,20
53063,Spokane,9,Inland Empire,2019,18,22.29387518860203,9.581228062291302,91.79993118163834,18,17.76525369223276,487,91.79993118163834,38.96248162159469,direct_biomass_var,modeled,TRUE,22.29387518860203,9.581228062291302,91.79993118163834,18
53063,Spokane,9,Inland Empire,2020,13,9.105240400177864,5.8384217366849045,34.087168375394775,13,17.717885502457136,487,34.087168375394775,38.96248162159469,direct_biomass_var,modeled,TRUE,9.105240400177864,5.8384217366849045,34.087168375394775,13
53063,Spokane,9,Inland Empire,2021,16,42.94260533436646,24.707438222025857,610.4575034952243,16,17.36880860938011,487,610.4575034952243,38.96248162159469,direct_biomass_var,modeled,TRUE,42.94260533436646,24.707438222025857,610.4575034952243,16
53063,Spokane,9,Inland Empire,2022,28,16.104813888546502,6.469014300719431,41.84814602291251,28,17.49129206156141,487,41.84814602291251,38.96248162159469,direct_biomass_var,modeled,TRUE,16.104813888546502,6.469014300719431,41.84814602291251,28
53063,Spokane,9,Inland Empire,2023,8,75.03572379591748,37.29344965848872,1390.8013874302324,8,17.407930757589074,487,1390.8013874302324,38.96248162159469,direct_biomass_var,modeled,TRUE,75.03572379591748,37.29344965848872,1390.8013874302324,8
53063,Spokane,9,Inland Empire,2024,3,0,0,0,3,17.287796940479087,487,38.96248162159469,38.96248162159469,floor,modeled,TRUE,0,0,38.96248162159469,3
53063,Spokane,9,Inland Empire,2025,0,NA,NA,NA,0,17.139273341580832,487,NA,38.96248162159469,NA,no_plots,FALSE,NA,NA,NA,NA
53065,Stevens,9,Inland Empire,2016,34,46.09669331937976,8.489842515760044,72.07742594240683,34,45.057215029717874,702,72.07742594240683,38.96248162159469,direct_biomass_var,modeled,TRUE,46.09669331937976,8.489842515760044,72.07742594240683,34
53065,Stevens,9,Inland Empire,2017,38,101.24895510783772,14.675355099795576,215.36604730509603,38,44.28978765884389,702,215.36604730509603,38.96248162159469,direct_biomass_var,modeled,TRUE,101.24895510783772,14.675355099795576,215.36604730509603,38
53065,Stevens,9,Inland Empire,2018,43,85.83678547626309,12.828946159407817,164.58185956098458,43,43.1662826167232,702,164.58185956098458,38.96248162159469,direct_biomass_var,modeled,TRUE,85.83678547626309,12.828946159407817,164.58185956098458,43
53065,Stevens,9,Inland Empire,2019,32,91.44025867515708,17.246429509644447,297.4393308311348,32,42.93225658871028,702,297.4393308311348,38.96248162159469,direct_biomass_var,modeled,TRUE,91.44025867515708,17.246429509644447,297.4393308311348,32
53065,Stevens,9,Inland Empire,2020,19,110.75095283695599,19.788084454629693,391.56828638355734,19,42.79248451698591,702,391.56828638355734,38.96248162159469,direct_biomass_var,modeled,TRUE,110.75095283695599,19.788084454629693,391.56828638355734,19
53065,Stevens,9,Inland Empire,2021,39,86.74725093063816,13.453979669286376,181.00956894157113,39,41.880674737200714,702,181.00956894157113,38.96248162159469,direct_biomass_var,modeled,TRUE,86.74725093063816,13.453979669286376,181.00956894157113,39
53065,Stevens,9,Inland Empire,2022,34,80.84899973669108,12.920138934343724,166.92999008274458,34,42.109777697589585,702,166.92999008274458,38.96248162159469,direct_biomass_var,modeled,TRUE,80.84899973669108,12.920138934343724,166.92999008274458,34
53065,Stevens,9,Inland Empire,2023,8,114.63772321374033,23.70646677930933,561.9965671584969,8,41.90170760900181,702,561.9965671584969,38.96248162159469,direct_biomass_var,modeled,TRUE,114.63772321374033,23.70646677930933,561.9965671584969,8
53065,Stevens,9,Inland Empire,2024,7,54.08300842929931,35.04018515211265,1227.8145754943357,7,41.8513909660021,702,1227.8145754943357,38.96248162159469,direct_biomass_var,modeled,TRUE,54.08300842929931,35.04018515211265,1227.8145754943357,7
53065,Stevens,9,Inland Empire,2025,0,NA,NA,NA,0,41.14092064318691,702,NA,38.96248162159469,NA,no_plots,FALSE,NA,NA,NA,NA
53067,Thurston,6,Olympic Peninsula,2016,9,93.44633163564397,34.91685800687224,1219.186973072078,9,52.133241141777496,233,1219.186973072078,38.96248162159469,direct_biomass_var,modeled,TRUE,93.44633163564397,34.91685800687224,1219.186973072078,9
53067,Thurston,6,Olympic Peninsula,2017,7,77.56498934402455,48.315479104415644,2334.3855210892248,7,51.87141793048576,233,2334.3855210892248,38.96248162159469,direct_biomass_var,modeled,TRUE,77.56498934402455,48.315479104415644,2334.3855210892248,7
53067,Thurston,6,Olympic Peninsula,2018,8,56.82265107238613,25.849232008023105,668.1827954046062,8,51.46215038364836,233,668.1827954046062,38.96248162159469,direct_biomass_var,modeled,TRUE,56.82265107238613,25.849232008023105,668.1827954046062,8
53067,Thurston,6,Olympic Peninsula,2019,9,25.62874628538194,22.12733091456768,489.6187734027825,9,51.32993577220978,233,489.6187734027825,38.96248162159469,direct_biomass_var,modeled,TRUE,25.62874628538194,22.12733091456768,489.6187734027825,9
53067,Thurston,6,Olympic Peninsula,2020,4,0,0,0,4,51.54166231427695,233,38.96248162159469,38.96248162159469,floor,modeled,TRUE,0,0,38.96248162159469,4
53067,Thurston,6,Olympic Peninsula,2021,9,93.04059299917942,31.874620912274562,1015.9914583012109,9,51.46314955913699,233,1015.9914583012109,38.96248162159469,direct_biomass_var,modeled,TRUE,93.04059299917942,31.874620912274562,1015.9914583012109,9
53067,Thurston,6,Olympic Peninsula,2022,6,38.1277614086669,26.06464614215922,679.3657785159754,6,51.475464417098884,233,679.3657785159754,38.96248162159469,direct_biomass_var,modeled,TRUE,38.1277614086669,26.06464614215922,679.3657785159754,6
53067,Thurston,6,Olympic Peninsula,2023,4,98.23714138013545,39.83881410704488,1587.1311094556784,4,51.40952915087865,233,1587.1311094556784,38.96248162159469,direct_biomass_var,modeled,TRUE,98.23714138013545,39.83881410704488,1587.1311094556784,4
53067,Thurston,6,Olympic Peninsula,2024,1,0,NA,NA,1,51.46780169338628,233,38.96248162159469,38.96248162159469,floor,single_plot_no_variance,FALSE,NA,NA,NA,NA
53067,Thurston,6,Olympic Peninsula,2025,0,NA,NA,NA,0,51.31290086795618,233,NA,38.96248162159469,NA,no_plots,FALSE,NA,NA,NA,NA
53069,Wahkiakum,7,Southwest,2016,2,136.97716112936672,136.97716112936672,18762.742671060492,2,65.04808941765877,91,18762.742671060492,38.96248162159469,direct_biomass_var,modeled,TRUE,136.97716112936672,136.97716112936672,18762.742671060492,2
53069,Wahkiakum,7,Southwest,2017,4,160.69669342155262,96.91264025129007,9392.059840475968,4,65.21976541222412,91,9392.059840475968,38.96248162159469,direct_biomass_var,modeled,TRUE,160.69669342155262,96.91264025129007,9392.059840475968,4
53069,Wahkiakum,7,Southwest,2018,1,158.13977720214254,NA,NA,1,65.19922424741361,91,38.96248162159469,38.96248162159469,floor,single_plot_no_variance,FALSE,NA,NA,NA,NA
53069,Wahkiakum,7,Southwest,2019,6,77.27565175188987,34.022518747737294,1157.5317819401357,6,65.50396181448875,91,1157.5317819401357,38.96248162159469,direct_biomass_var,modeled,TRUE,77.27565175188987,34.022518747737294,1157.5317819401357,6
53069,Wahkiakum,7,Southwest,2020,0,NA,NA,NA,0,66.16706820472187,91,NA,38.96248162159469,NA,no_plots,FALSE,NA,NA,NA,NA
53069,Wahkiakum,7,Southwest,2021,5,48.984906851027866,45.797955016240635,2097.452683669601,5,66.36913539247713,91,2097.452683669601,38.96248162159469,direct_biomass_var,modeled,TRUE,48.984906851027866,45.797955016240635,2097.452683669601,5
53069,Wahkiakum,7,Southwest,2022,1,0,NA,NA,1,66.75878457667551,91,38.96248162159469,38.96248162159469,floor,single_plot_no_variance,FALSE,NA,NA,NA,NA
53069,Wahkiakum,7,Southwest,2023,2,67.07701778388379,67.07701778388379,4499.326314779462,2,66.87456306202388,91,4499.326314779462,38.96248162159469,direct_biomass_var,modeled,TRUE,67.07701778388379,67.07701778388379,4499.326314779462,2
53069,Wahkiakum,7,Southwest,2024,0,NA,NA,NA,0,67.17445499872254,91,NA,38.96248162159469,NA,no_plots,FALSE,NA,NA,NA,NA
53069,Wahkiakum,7,Southwest,2025,0,NA,NA,NA,0,67.19526994308379,91,NA,38.96248162159469,NA,no_plots,FALSE,NA,NA,NA,NA
53071,Walla Walla,9,Inland Empire,2016,13,3.150909620223492,3.150909620223492,9.92823143481695,13,7.246568552477068,369,9.92823143481695,38.96248162159469,direct_biomass_var,modeled,TRUE,3.150909620223492,3.150909620223492,9.92823143481695,13
53071,Walla Walla,9,Inland Empire,2017,14,0,0,0,14,7.179396071305257,369,38.96248162159469,38.96248162159469,floor,modeled,TRUE,0,0,38.96248162159469,14
53071,Walla Walla,9,Inland Empire,2018,11,0,0,0,11,7.038718956268392,369,38.96248162159469,38.96248162159469,floor,modeled,TRUE,0,0,38.96248162159469,11
53071,Walla Walla,9,Inland Empire,2019,16,2.0851088954447303,2.0851088954447303,4.347679105862744,16,7.002189219616816,369,4.347679105862744,38.96248162159469,direct_biomass_var,modeled,TRUE,2.0851088954447303,2.0851088954447303,4.347679105862744,16
53071,Walla Walla,9,Inland Empire,2020,14,0,0,0,14,6.975303710954732,369,38.96248162159469,38.96248162159469,floor,modeled,TRUE,0,0,38.96248162159469,14
53071,Walla Walla,9,Inland Empire,2021,13,0,0,0,13,7.014086602701081,369,38.96248162159469,38.96248162159469,floor,modeled,TRUE,0,0,38.96248162159469,13
53071,Walla Walla,9,Inland Empire,2022,11,0,0,0,11,7.2514640671478725,369,38.96248162159469,38.96248162159469,floor,modeled,TRUE,0,0,38.96248162159469,11
53071,Walla Walla,9,Inland Empire,2023,0,NA,NA,NA,0,7.459962313347168,369,NA,38.96248162159469,NA,no_plots,FALSE,NA,NA,NA,NA
53071,Walla Walla,9,Inland Empire,2024,0,NA,NA,NA,0,7.804728872625095,369,NA,38.96248162159469,NA,no_plots,FALSE,NA,NA,NA,NA
53071,Walla Walla,9,Inland Empire,2025,0,NA,NA,NA,0,8.045749411641484,369,NA,38.96248162159469,NA,no_plots,FALSE,NA,NA,NA,NA
53073,Whatcom,5,Puget Sound,2016,29,145.95929153058702,33.579962014074205,1127.6138488666666,29,50.16627547005076,604,1127.6138488666666,38.96248162159469,direct_biomass_var,modeled,TRUE,145.95929153058702,33.579962014074205,1127.6138488666666,29
53073,Whatcom,5,Puget Sound,2017,30,161.19728207813924,31.42394377203839,987.4642421882302,30,50.033976795853,604,987.4642421882302,38.96248162159469,direct_biomass_var,modeled,TRUE,161.19728207813924,31.42394377203839,987.4642421882302,30
53073,Whatcom,5,Puget Sound,2018,35,111.50365084414295,24.32065188712849,591.4941082148866,35,49.8791192895377,604,591.4941082148866,38.96248162159469,direct_biomass_var,modeled,TRUE,111.50365084414295,24.32065188712849,591.4941082148866,35
53073,Whatcom,5,Puget Sound,2019,32,145.59453969710623,27.7980853131879,772.7335470792729,32,49.973764284635095,604,772.7335470792729,38.96248162159469,direct_biomass_var,modeled,TRUE,145.59453969710623,27.7980853131879,772.7335470792729,32
53073,Whatcom,5,Puget Sound,2020,23,126.37095704609885,32.17816287651995,1035.4341661078465,23,50.093222723798085,604,1035.4341661078465,38.96248162159469,direct_biomass_var,modeled,TRUE,126.37095704609885,32.17816287651995,1035.4341661078465,23
53073,Whatcom,5,Puget Sound,2021,38,166.89606594949433,27.067178359835616,732.6321443631534,38,50.06244506785772,604,732.6321443631534,38.96248162159469,direct_biomass_var,modeled,TRUE,166.89606594949433,27.067178359835616,732.6321443631534,38
53073,Whatcom,5,Puget Sound,2022,29,175.99558253717396,35.290713685394614,1245.4344724244986,29,49.95183516987983,604,1245.4344724244986,38.96248162159469,direct_biomass_var,modeled,TRUE,175.99558253717396,35.290713685394614,1245.4344724244986,29
53073,Whatcom,5,Puget Sound,2023,8,97.16959775814277,50.08130172851783,2508.136782822843,8,49.667828450440254,604,2508.136782822843,38.96248162159469,direct_biomass_var,modeled,TRUE,97.16959775814277,50.08130172851783,2508.136782822843,8
53073,Whatcom,5,Puget Sound,2024,9,53.13786204855063,35.35761438414032,1250.1608949375664,9,49.26990063843428,604,1250.1608949375664,38.96248162159469,direct_biomass_var,modeled,TRUE,53.13786204855063,35.35761438414032,1250.1608949375664,9
53073,Whatcom,5,Puget Sound,2025,0,NA,NA,NA,0,48.709977591705076,604,NA,38.96248162159469,NA,no_plots,FALSE,NA,NA,NA,NA
53075,Whitman,9,Inland Empire,2016,22,0,0,0,22,5.280639750119319,600,38.96248162159469,38.96248162159469,floor,modeled,TRUE,0,0,38.96248162159469,22
53075,Whitman,9,Inland Empire,2017,26,0,0,0,26,5.254776450169202,600,38.96248162159469,38.96248162159469,floor,modeled,TRUE,0,0,38.96248162159469,26
53075,Whitman,9,Inland Empire,2018,22,0,0,0,22,5.216618415050198,600,38.96248162159469,38.96248162159469,floor,modeled,TRUE,0,0,38.96248162159469,22
53075,Whitman,9,Inland Empire,2019,26,0,0,0,26,5.205360735831154,600,38.96248162159469,38.96248162159469,floor,modeled,TRUE,0,0,38.96248162159469,26
53075,Whitman,9,Inland Empire,2020,21,0,0,0,21,5.1963634518250945,600,38.96248162159469,38.96248162159469,floor,modeled,TRUE,0,0,38.96248162159469,21
53075,Whitman,9,Inland Empire,2021,23,0,0,0,23,5.1702931595632045,600,38.96248162159469,38.96248162159469,floor,modeled,TRUE,0,0,38.96248162159469,23
53075,Whitman,9,Inland Empire,2022,21,0.06062718038231925,0.06062718038231925,0.003675655001110276,21,5.208251039467307,600,0.003675655001110276,38.96248162159469,direct_biomass_var,modeled,TRUE,0.06062718038231925,0.06062718038231925,0.003675655001110276,21
53075,Whitman,9,Inland Empire,2023,1,0,NA,NA,1,5.192360571448324,600,38.96248162159469,38.96248162159469,floor,single_plot_no_variance,FALSE,NA,NA,NA,NA
53075,Whitman,9,Inland Empire,2024,0,NA,NA,NA,0,5.23719459744079,600,NA,38.96248162159469,NA,no_plots,FALSE,NA,NA,NA,NA
53075,Whitman,9,Inland Empire,2025,0,NA,NA,NA,0,5.25701340544377,600,NA,38.96248162159469,NA,no_plots,FALSE,NA,NA,NA,NA
53077,Yakima,8,Central,2016,58,66.07549495355788,12.692609604966217,161.10233858408066,58,25.136897376895075,1138,161.10233858408066,38.96248162159469,direct_biomass_var,modeled,TRUE,66.07549495355788,12.692609604966217,161.10233858408066,58
53077,Yakima,8,Central,2017,47,72.33839374421777,16.82348158880275,283.0295327687851,47,25.0872641405701,1138,283.0295327687851,38.96248162159469,direct_biomass_var,modeled,TRUE,72.33839374421777,16.82348158880275,283.0295327687851,47
53077,Yakima,8,Central,2018,55,64.13101885414915,12.729061590001807,162.02900896205932,55,24.522676011450763,1138,162.02900896205932,38.96248162159469,direct_biomass_var,modeled,TRUE,64.13101885414915,12.729061590001807,162.02900896205932,55
53077,Yakima,8,Central,2019,56,77.1411404993176,14.725409634850761,216.83768891415562,56,24.5755365882879,1138,216.83768891415562,38.96248162159469,direct_biomass_var,modeled,TRUE,77.1411404993176,14.725409634850761,216.83768891415562,56
53077,Yakima,8,Central,2020,38,46.917354444713354,18.61989216612278,346.70038427804053,38,24.533249256716637,1138,346.70038427804053,38.96248162159469,direct_biomass_var,modeled,TRUE,46.917354444713354,18.61989216612278,346.70038427804053,38
53077,Yakima,8,Central,2021,43,68.44171561350802,16.978750505189115,288.27796871745966,43,24.48100118344092,1138,288.27796871745966,38.96248162159469,direct_biomass_var,modeled,TRUE,68.44171561350802,16.978750505189115,288.27796871745966,43
53077,Yakima,8,Central,2022,68,83.99257662787515,12.906822437368392,166.58606542975616,68,24.044891584794517,1138,166.58606542975616,38.96248162159469,direct_biomass_var,modeled,TRUE,83.99257662787515,12.906822437368392,166.58606542975616,68
53077,Yakima,8,Central,2023,16,71.65884913090747,15.256882938935531,232.7724770123821,16,24.143221616464324,1138,232.7724770123821,38.96248162159469,direct_biomass_var,modeled,TRUE,71.65884913090747,15.256882938935531,232.7724770123821,16
53077,Yakima,8,Central,2024,3,171.2917736091663,86.37348969494616,7460.37972208297,3,24.264583518627454,1138,7460.37972208297,38.96248162159469,direct_biomass_var,modeled,TRUE,171.2917736091663,86.37348969494616,7460.37972208297,3
53077,Yakima,8,Central,2025,0,NA,NA,NA,0,24.05378039960656,1138,NA,38.96248162159469,NA,no_plots,FALSE,NA,NA,NA,NA
